{
  "stat_graph_features": [
    0.8592101848600956,
    0.0687404996238234,
    0.3529411764705882,
    0.732039171262674,
    0.0103703703703703,
    0.0340136054421768,
    0.0060135304434978,
    0.0214974633439259,
    0.00634765625,
    0.0,
    0.0023504273504273,
    0.0037622970885749,
    0.1795399289321115,
    0.0,
    0.095351137487636,
    0.113691584396099,
    4.7746760403167854e-05,
    3.898140929658437e-06,
    1.0,
    0.0,
    0.0,
    0.0,
    0.0111028867505551,
    0.054421768707483,
    4.098147909999999e-06,
    4.098147909999999e-06,
    0.0,
    0.17578125,
    0.1021336504463547,
    0.1207109781955765,
    0.0145711402453565,
    0.0,
    0.0,
    0.0,
    0.1647058823529411,
    0.0210822206605762,
    0.0,
    0.0,
    0.0,
    0.0526315789473684,
    0.1011406844106463,
    0.0023504273504273,
    0.095351137487636,
    0.0,
    0.0,
    0.0,
    0.0117299436918102,
    0.011182108626198,
    4.1963437627292814e-05,
    0.0,
    0.0120606478290833,
    0.0,
    0.1560599918929874,
    0.0161135271229114,
    0.0039072039072039,
    0.0044576523031203,
    0.7272727272727273,
    0.0,
    0.0,
    0.0,
    0.0,
    1.0,
    0.0,
    1.0,
    1.0,
    0.9565217391304348,
    0.75,
    0.0
  ],
  "temporal_features": [
    0.0252436691143616,
    0.0711298750808732,
    0.2051577601210926,
    0.0034047097854161,
    0.7320428314826878,
    0.052290457449749,
    0.0871643515265206,
    0.2051577601210926,
    0.0034364028277369,
    0.7319435730470158,
    0.0540536221215385,
    0.0981203074567325,
    0.2091733826797682,
    4.238994948772264e-05
  ]
}
